Date,File,License,Author - Real Name(other name);Real Name(other name);etc,Notes,Needs Update,MD5
2023/09/15,data/campaigns/Eastern_Invasion/music/heavens-remix.ogg,CC BY-SA 4.0,(gabriel silver);(dalas),,,158c80c11e2d2cdb5f1ab5cc0298a8fe
2023/09/15,data/campaigns/Eastern_Invasion/music/journeys_end_faststart.ogg,GNU GPL v2+,Mattias Westlund(West);(dalas),,,3f6b2c8be4e6e30087b7a3cc5969831b
2021/03/20,data/campaigns/Eastern_Invasion/sounds/gate-fall.ogg,GNU GPL v2+,unknown,,,15d08eb898db8684f18de206a6cbd1a5
2023/09/15,data/campaigns/Eastern_Invasion/sounds/lich_die_wail.ogg,GNU GPL v2+,unknown;(dalas),,,05e212eecd027bbdc2168efe603f7817
2023/09/15,data/campaigns/Eastern_Invasion/sounds/magic-twilight-miss.ogg,GNU GPL v2+,unknown;(dalas),,,71115cb146ddd91bf2d6b56079d4627a
2023/09/15,data/campaigns/Eastern_Invasion/sounds/magic-twilight.ogg,GNU GPL v2+,unknown;(dalas),,,6399b904acff450455d1f82dc3c08fec
2023/09/15,data/campaigns/Eastern_Invasion/sounds/warhammer.ogg,GNU GPL v2+,unknown;Nemaara Lang(nemaara),,,ba59c7ad531f57d02f33fde568f908a7
2023/09/15,data/campaigns/Eastern_Invasion/sounds/wind.ogg,CC BY-SA 4.0,(hackerb9);(dalas),,,69160ff47b13bb2b527f670247c85a6a
2015/03/21,data/campaigns/Northern_Rebirth/sounds/gate-fall.ogg,GNU GPL v2+,unknown,,,15d08eb898db8684f18de206a6cbd1a5
2025/01/11,data/campaigns/The_Deceivers_Gambit/music/decoherence.ogg,CC BY-SA 4.0,Scott Buckley,,,dfaaf8e07caeebc8bc9f0fa837368fff
2025/01/11,data/campaigns/The_Deceivers_Gambit/music/helios.ogg,CC BY-SA 4.0,Scott Buckley,,,dbca5f29ee4af1b80e71a24ad8fcf876
2025/01/11,data/campaigns/The_Deceivers_Gambit/music/phase_shift.ogg,CC BY-SA 4.0,Scott Buckley,,,15295668bec086608f2f26e06ff9e392
2025/01/11,data/campaigns/The_Deceivers_Gambit/sounds/bell.ogg,CC BY-SA 4.0,(gregswinford),,,9015751333838c0009926688651ca62d
2025/01/11,data/campaigns/The_Deceivers_Gambit/sounds/door-close.wav,CC0,(pawsound),,,7e615f1be9f19a79d58bcfe0228ba8ad
2025/01/11,data/campaigns/The_Deceivers_Gambit/sounds/gate-fall.ogg,GNU GPL v2+,unknown,,,15d08eb898db8684f18de206a6cbd1a5
2025/01/11,data/campaigns/The_Deceivers_Gambit/sounds/skill-blizzard.wav,CC BY-SA 4.0,(hackerb9);(dalas),,,bd9750c5db71f6bc9077e42aa44112fe
2025/01/11,data/campaigns/The_Deceivers_Gambit/sounds/skill-cataclysm-end.wav,CC0,(Bertsz);(dalas),,,35f1986effd5a712158fc71783e8ef2a
2025/01/11,data/campaigns/The_Deceivers_Gambit/sounds/skill-cataclysm.wav,CC BY-SA 4.0,(Klerrp);(dalas),,,4728275df309aae75d9f895a392a2cfb
2025/01/11,data/campaigns/The_Deceivers_Gambit/sounds/skill-contingency.wav,CC BY-SA 4.0,(alanmcki);(dalas),,,ceee4df5dbf1e668d6ccecb462ee0fca
2025/01/11,data/campaigns/The_Deceivers_Gambit/sounds/skill-counterspell.wav,CC BY-SA 4.0,(qubodup);(dalas),,,a1363505ce12e79d4540aec26ce056a9
2025/01/11,data/campaigns/The_Deceivers_Gambit/sounds/skill-illusion-quiet.wav,CC BY-SA 4.0,(RICHERlandTV);(dalas),,,42990145fa95696ad7620164047a672b
2025/01/11,data/campaigns/The_Deceivers_Gambit/sounds/skill-illusion.wav,CC BY-SA 4.0,(RICHERlandTV);(dalas),,,9ea4d37fce5ed13b0582459b62df6ed9
2025/01/11,data/campaigns/The_Deceivers_Gambit/sounds/skill-levitate.wav,CC0,(crashoverride6);(dalas),,,e9abc750e1a039fb7d0fe5d1898d1706
2025/01/11,data/campaigns/The_Deceivers_Gambit/sounds/skill-panacea-quiet.wav,GNU GPL v2+,Lari Nieminen(zookeeper);(dalas),,,3683289cb2f52eff1be1aebc5dc82ddd
2025/01/11,data/campaigns/The_Deceivers_Gambit/sounds/skill-panacea.wav,GNU GPL v2+,Lari Nieminen(zookeeper);(dalas),,,e07f9d8310d60514741c8aca546161bf
2025/01/11,data/campaigns/The_Deceivers_Gambit/sounds/skill-polymorph-quiet.wav,CC BY-SA 4.0,(alanmcki);(dalas),,,c12c82f966fdd4cd2e7bc19dfffff704
2025/01/11,data/campaigns/The_Deceivers_Gambit/sounds/skill-polymorph.wav,CC BY-SA 4.0,(alanmcki);(dalas),,,ceee4df5dbf1e668d6ccecb462ee0fca
2025/01/11,data/campaigns/The_Deceivers_Gambit/sounds/skill-shield.wav,CC BY-SA 4.0,(alonsotm);(dalas),,,6cce09dc958002366049e43970016175
2025/01/11,data/campaigns/The_Deceivers_Gambit/sounds/skill-time-dilation-end.wav,CC BY-SA 4.0,PatrickLieberkind;(dalas),,,96f78fa4e13335e76650fdc2c29fdc04
2025/01/11,data/campaigns/The_Deceivers_Gambit/sounds/skill-time-dilation.wav,CC BY-SA 4.0,PatrickLieberkind;(dalas),,,da84385836b5b304d213dd3ac725721b
2025/01/11,data/campaigns/The_Deceivers_Gambit/sounds/sylph-orb-water.wav,CC BY-SA 4.0,(InspectorJ),,,8057a2925249637530472c185131f551
2025/01/11,data/campaigns/The_Deceivers_Gambit/sounds/wind.ogg,CC BY-SA 4.0,(hackerb9);(dalas),,,69160ff47b13bb2b527f670247c85a6a
2025/01/11,data/campaigns/The_Deceivers_Gambit/sounds/wose-create.wav,GNU GPL v2+,Lari Nieminen(zookeeper);(dalas),,,13ce982a29b674f4bbe3d045845dce09
2015/01/30,data/campaigns/The_Hammer_of_Thursagan/sounds/unlock.ogg,GNU GPL v2+,unknown,,,a3db3405d7677baaa1c532ea846181b4
2010/11/05,data/campaigns/The_Rise_Of_Wesnoth/sounds/familiar-teeth.ogg,GNU GPL v2+,Lari Nieminen(zookeeper),,,55041185dc1ea4f1946a2f28e8173cf0
2024/12/29,data/campaigns/The_South_Guard/sounds/weather-snow.ogg,CC0,kyles,,,5b4d185ae84eaf3a7bb20c83f441327c
2024/12/29,data/campaigns/The_South_Guard/sounds/skill-illusion-quiet.wav,CC BY-SA 4.0,(RICHERlandTV);(dalas),,,42990145fa95696ad7620164047a672b
2024/12/29,data/campaigns/The_South_Guard/sounds/weather-rain.ogg,GNU GPL v2+,(inferno8);(dalas),,,fc7090377ce25be51526afc235557735
2024/12/29,data/campaigns/The_South_Guard/sounds/skill-polymorph-quiet.wav,CC BY-SA 4.0,(alanmcki);(dalas),,,c12c82f966fdd4cd2e7bc19dfffff704
2016/11/06,data/campaigns/Under_the_Burning_Suns/sounds/tauroch-hit-1.ogg,GNU GPL v2+,Lari Nieminen(zookeeper),,,83ae502038437b7f0bba0c1ea024efc9
2016/11/06,data/campaigns/Under_the_Burning_Suns/sounds/tauroch-hit-2.ogg,GNU GPL v2+,Lari Nieminen(zookeeper),,,fd4f22658c86189296c63b77e10ae636
2016/11/06,data/campaigns/Under_the_Burning_Suns/sounds/tauroch-hit-3.ogg,GNU GPL v2+,Lari Nieminen(zookeeper),,,a2fee4b4a32dbee3f378a58e70b09504
2022/08/18,data/campaigns/Winds_of_Fate/sounds/gust.wav,CC BY-SA 4.0,Lukasz Wawrowski(inferno8),,,df456c54f61cd85728ba318e6f193722
2022/01/16,data/campaigns/Winds_of_Fate/sounds/leopard-attack.ogg,GNU GPL v2+,L. Shelby(velensk),,,8e6349f40944c9b37281de830cee38b9
2022/01/16,data/campaigns/Winds_of_Fate/sounds/leopard-hit.ogg,GNU GPL v2+,L. Shelby(velensk),,,62150c1f04c25e0e8ea8d0e0975a0990
2022/01/16,data/campaigns/Winds_of_Fate/sounds/leopard-miss.ogg,GNU GPL v2+,L. Shelby(velensk),,,e232ca78b9de843fe7607eefc9122fe3
2022/08/18,data/campaigns/Winds_of_Fate/sounds/wind.wav,CC BY-SA 4.0,Lukasz Wawrowski(inferno8),,,1a8d4690014970b67b6e9e34e8ff34a1
2020/06/04,data/campaigns/World_Conquest/sounds/witches-laugh.wav,CC BY-SA 4.0,unknown,,,132c1203e0b575ad056f2ac30546a377
2013/12/08,data/core/music/battle-epic.ogg,GNU GPL v2+,Doug Kaufman(dkaufman),,,05dcef9191a69a29ea3c9868bc2b6e2a
2013/12/08,data/core/music/battle.ogg,GNU GPL v2+,Aleksi Aubry-Carlson(Aleksi),,,93b53db9e81c0d8879cf4ca51cd246bd
2013/12/08,data/core/music/breaking_the_chains.ogg,GNU GPL v2+,Mattias Westlund(West),,,fe599b1e02f41846a6e2afeb7d6df76e
2013/12/08,data/core/music/casualties_of_war.ogg,GNU GPL v2+,Tyler Johnson,,,f0c69501a222afd01218ed783fef7b14
2023/09/15,data/core/music/cry_from_elensefar.ogg,CC BY-SA 4.0,(pluft),,,3b32d7970ab520b2d488559b69b2ac68
2013/12/08,data/core/music/defeat.ogg,GNU GPL v2+,Timothy Pinkham(TimothyP),,,8cb8eb9871292ad288f5c703f0679460
2013/12/08,data/core/music/defeat2.ogg,GNU GPL v2+,Ryan Reilly(Rain),,,9775634e4a20c10844c823d5d79f824f
2013/12/08,data/core/music/elf-land.ogg,GNU GPL v2+,Aleksi Aubry-Carlson(Aleksi),,,addc5393092c23f2789a028d94f4212e
2013/12/08,data/core/music/elvish-theme.ogg,GNU GPL v2+,Doug Kaufman(dkaufman),,,e331298ed3e77047d20da3ddb064bf2a
2015/12/10,data/core/music/frantic-old.ogg,GNU GPL v2+,Aleksi Aubry-Carlson(Aleksi),,,ebbbf4d3e2c6e7865d866c9e388e7f6a
2015/12/10,data/core/music/frantic.ogg,GNU GPL v2+,Stephen Rozanc(TreizeCouleurs),,,ac2ffbcdee726b99cfc26ba58021c77a
2013/12/08,data/core/music/heroes_rite.ogg,GNU GPL v2+,Doug Kaufman(dkaufman),,,e6e124728d91c7e401733e21f0797165
2013/12/08,data/core/music/into_the_shadows.ogg,GNU GPL v2+,Tyler Johnson,,,334fc0ebee66c065f39fb7774bea1ced
2013/12/08,data/core/music/journeys_end.ogg,GNU GPL v2+,Mattias Westlund(West),,,d85165cc949ab189603ccb2e125b0295
2013/12/08,data/core/music/knalgan_theme.ogg,GNU GPL v2+,Ryan Reilly(Rain),,,ace3786e8325b63ce528eb72dc9769a0
2013/12/08,data/core/music/knolls.ogg,GNU GPL v2+,Timothy Pinkham(TimothyP),,,2c5485eaffa37bf90efab12fb1dfb755
2013/12/08,data/core/music/legends_of_the_north.ogg,GNU GPL v2+,Mattias Westlund(West),,,4142cb050cc3a3274798f1236e00d7a8
2013/12/08,data/core/music/love_theme.ogg,GNU GPL v2+,Ryan Reilly(Rain),,,926a8a82f5d7ce54ac1b9a4d210f74a8
2013/12/08,data/core/music/loyalists.ogg,GNU GPL v2+,Joseph G. Toscano(Zhaytee),,,b33d8a13b93eca3200d64a7a9481d679
2013/12/08,data/core/music/main_menu.ogg,GNU GPL v2+,Aleksi Aubry-Carlson(Aleksi),,,1966fbc334fa882731a021a03b68f040
2013/12/08,data/core/music/northern_mountains.ogg,GNU GPL v2+,Mattias Westlund(West),,,05df2a2e6b1ab505d5c58f8b513cb49a
2013/12/08,data/core/music/northerners.ogg,GNU GPL v2+,Stephen Rozanc(TreizeCouleurs),,,8463d5d94577d51759e2b271d8ab60bf
2013/12/08,data/core/music/nunc_dimittis.ogg,GNU GPL v2+,Jeremy Nicoll(jeremy2/eltiare),,,9c4d074fb4e31165e9fb5c34169ab66a
2017/10/01,data/core/music/return_to_wesnoth.ogg,CC BY-SA 4.0,Mattias Westlund(West),,,e32bf98ade8f1c7817190b22195014d4
2013/12/08,data/core/music/revelation.ogg,GNU GPL v2+,Joseph G. Toscano(Zhaytee),,,30a04d7785ffc7a0a1710ee4ada6e577
2013/12/08,data/core/music/sad.ogg,GNU GPL v2+,Tyler Johnson,,,bf6aad2d33a7147fa59cfaa2820360e1
2013/12/08,data/core/music/siege_of_laurelmor.ogg,GNU GPL v2+,Doug Kaufman(dkaufman),,,ba0403e8f19bb42578f83d414989ca32
2015/06/04,data/core/music/silence.ogg,GNU GPL v2+,Iris Morelle(shadowm),,,cc9285669659cac4fefb58ddac7ef0f0
2013/12/08,data/core/music/silvan_sanctuary.ogg,GNU GPL v2+,Mattias Westlund(West),,,0f5b755f1ea256e6d912082c639136fb
2013/12/08,data/core/music/suspense.ogg,GNU GPL v2+,Ryan Reilly(Rain),,,46c77f2e0ba3b413f59f60681dd7c86c
2013/12/08,data/core/music/the_city_falls.ogg,GNU GPL v2+,Doug Kaufman(dkaufman),,,d9c5b4e3ebb1f78bfd8c261a5ccd90ce
2013/12/08,data/core/music/the_dangerous_symphony.ogg,GNU GPL v2+,Gianmarco Leone(gmlion),,,66c255e42793014083841431d2be1ca7
2013/12/08,data/core/music/the_deep_path.ogg,GNU GPL v2+,Gianmarco Leone(gmlion),,,da482dbcc89efd0da07f595d3ad81c19
2013/12/08,data/core/music/the_king_is_dead.ogg,GNU GPL v2+,Mattias Westlund(West),,,250ae06433a0af2f9f53e27af0182e46
2013/12/08,data/core/music/transience.ogg,GNU GPL v2+,Aleksi Aubry-Carlson(Aleksi),,,8a6a9633dc4ef7189fcde14e73e08d32
2013/12/08,data/core/music/traveling_minstrels.ogg,GNU GPL v2+,Mattias Westlund(West),,,f178fe0f414a44ae45ed5f2488f66a55
2013/12/08,data/core/music/underground.ogg,GNU GPL v2+,Aleksi Aubry-Carlson(Aleksi),,,2fc3df12c3314ea77754d66ba9c16e74
2013/12/08,data/core/music/vengeful.ogg,GNU GPL v2+,Jeremy Nicoll(jeremy2/eltiare),,,1b66479bd170d252de79ef84fce9f869
2010/05/11,data/core/music/victory.ogg,GNU GPL v2+,Timothy Pinkham(TimothyP),,,c6d1aaa37812c87fa6c2821adeb88f0f
2013/12/04,data/core/music/victory2.ogg,GNU GPL v2+,Ryan Reilly(Rain),,,0f75831521e21612a828178caa646e44
2013/12/08,data/core/music/wanderer.ogg,GNU GPL v2+,Timothy Pinkham(TimothyP),,,4a183c4ac92ecabde143aec69e7b8dda
2013/12/08,data/core/music/weight_of_revenge.ogg,GNU GPL v2+,Doug Kaufman(dkaufman),,,c159386e56d3bc3ab72268f6550cc8d1
2009/02/01,data/core/sounds/ambient/birds1.ogg,GNU GPL v2+,Karol Nowak(grzywacz),,,be7f22de7bb08d70884fd7a1aaac673f
2009/02/01,data/core/sounds/ambient/birds2.ogg,GNU GPL v2+,Karol Nowak(grzywacz),,,17520e541d0b1106966676c8167eb70b
2009/02/01,data/core/sounds/ambient/birds3.ogg,GNU GPL v2+,Karol Nowak(grzywacz),,,627d3636b58aac84923db4af3a0faabe
2009/02/22,data/core/sounds/ambient/campfire.ogg,GNU GPL v2+,Iris Morelle(Iris),,,51825c7a509df62286f13cd5b2542693
2016/09/01,data/core/sounds/ambient/morning.ogg,GNU GPL v2+,Lari Nieminen(zookeeper),,,b817edc82c6509e5ea56e56992f2595d
2016/09/01,data/core/sounds/ambient/night.ogg,GNU GPL v2+,Lari Nieminen(zookeeper),,,8cf1f34f75be8a9b12768de61a6b303f
2007/05/16,data/core/sounds/ambient/ship.ogg,GNU GPL v2+,Lari Nieminen(zookeeper),,,e6b5421973c865c98e445c30d8427688
2007/12/17,data/core/sounds/ambient/wardrums.ogg,GNU GPL v2+,Lari Nieminen(zookeeper),,,d9d76eb4dfefb19fab38f7920762cad8
2007/05/16,data/core/sounds/axe.ogg,GNU GPL v2+,Lari Nieminen(zookeeper),,,62f56479d526f67fd7d449442c645f57
2007/05/16,data/core/sounds/bat-flapping.wav,GNU GPL v2+,Richard Kettering(Jetrel);Lari Nieminen(zookeeper),,,5c2a6483ed9afd05a5e2d71e76cdd576
2007/12/07,data/core/sounds/bat-hit-1.ogg,GNU GPL v2+,Lari Nieminen(zookeeper),,,3701dc7336097a7b16fd2a727c9e197a
2007/12/07,data/core/sounds/bat-hit-2.ogg,GNU GPL v2+,Lari Nieminen(zookeeper),,,691672e2521390be3d82e9dffaed8280
2007/12/07,data/core/sounds/bat-hit-3.ogg,GNU GPL v2+,Lari Nieminen(zookeeper),,,760e5cf19e217746cee77db54a78eca8
2007/12/07,data/core/sounds/bat-hit-4.ogg,GNU GPL v2+,Lari Nieminen(zookeeper),,,ee75fd6900c75392636cf1ec13ad3adb
2007/05/16,data/core/sounds/bite-small.ogg,GNU GPL v2+,Lari Nieminen(zookeeper),,,143b99dba854fdcb3e7715ce0330ee01
2007/05/16,data/core/sounds/bite.ogg,GNU GPL v2+,Lari Nieminen(zookeeper),,,8e6066d62b65ab22f205f39f22a24a50
2007/05/16,data/core/sounds/bow-miss.ogg,GNU GPL v2+,Lari Nieminen(zookeeper),,,f10c094fbae714700f2b44a14dfd0c4e
2007/05/16,data/core/sounds/bow-puny-fire-miss.ogg,GNU GPL v2+,Lari Nieminen(zookeeper),,,882b682d8aa34d8883d1f91731fcc01b
2007/05/16,data/core/sounds/bow-puny-fire.ogg,GNU GPL v2+,Lari Nieminen(zookeeper),,,c644f354d2ce5f5e7134b079f649805c
2007/05/16,data/core/sounds/bow-puny-miss.ogg,GNU GPL v2+,Lari Nieminen(zookeeper),,,d75852aa315c046e0b062f367c732bb0
2007/05/16,data/core/sounds/bow-puny.ogg,GNU GPL v2+,Lari Nieminen(zookeeper),,,06bbd438845ee1a9aebcd03be5be89f4
2007/05/16,data/core/sounds/bow.ogg,GNU GPL v2+,Lari Nieminen(zookeeper),,,0b9e0e53ca6752ca9027fef927ae5f77
2008/11/29,data/core/sounds/cave-in.ogg,GNU GPL v2+,Richard Kettering(Jetrel),,,c79d24d404ea38a5e6ef05a00e0e3fce
2007/05/16,data/core/sounds/claws.ogg,GNU GPL v2+,Lari Nieminen(zookeeper),,,da2ccd87de4e54de3dfc5c3ada9caa59
2015/10/12,data/core/sounds/club-miss.ogg,GNU GPL v2+,Leonardo Magno Sampaio(leorock116),,,a1cd5d59e23c86a9579246d78e8b586f
2015/10/12,data/core/sounds/club.ogg,GNU GPL v2+,Leonardo Magno Sampaio(leorock116),,,a18f2bcf86a573c98951c74488a9d2b0
2007/05/16,data/core/sounds/crossbow-fire-miss.ogg,GNU GPL v2+,Lari Nieminen(zookeeper),,,d014500608cfc9a143317c4d76216f6f
2007/05/16,data/core/sounds/crossbow-fire.ogg,GNU GPL v2+,Lari Nieminen(zookeeper),,,8c9c67ef09a161cd7601f0ced8e7dc0c
2007/05/16,data/core/sounds/crossbow-miss.ogg,GNU GPL v2+,Lari Nieminen(zookeeper),,,0fffbff217a088168d47ebd174f71df3
2007/05/16,data/core/sounds/crossbow.ogg,GNU GPL v2+,Lari Nieminen(zookeeper),,,67be47dab4f111f556cbc39f5035b8c3
2007/05/16,data/core/sounds/dagger-swish.wav,GNU GPL v2+,Egoboo,,,a42debc0a4a79f24608d2e8149bce91b
2007/05/16,data/core/sounds/dart.wav,GNU GPL v2+,unknown,,,eac35ceb2258b2af0586eb1b043e1399
2007/07/22,data/core/sounds/dragonstick-miss.ogg,GNU GPL v2+,Lari Nieminen(zookeeper),,,62e4203108c748faba075dbb1a67aa2c
2008/08/07,data/core/sounds/dragonstick.ogg,GNU GPL v2+,Richard Kettering(Jetrel),,,cc8570127da335da4a020fc63c39124b
2007/05/16,data/core/sounds/drake-die.ogg,GNU GPL v2+,Lari Nieminen(zookeeper),,,0d1bbb88a6a7f5a35be224a78d010b69
2007/05/16,data/core/sounds/drake-hit-1.ogg,GNU GPL v2+,Lari Nieminen(zookeeper),,,bebead95da72b4488bc28ff9d7d097bb
2007/05/16,data/core/sounds/drake-hit-2.ogg,GNU GPL v2+,Lari Nieminen(zookeeper),,,9e89c7401363e54b77c0f4ad4ffa06ca
2007/05/16,data/core/sounds/drake-hit-3.ogg,GNU GPL v2+,Lari Nieminen(zookeeper),,,738c75a521303e9a7ab3e357239b48a5
2015/07/04,data/core/sounds/dwarf-die-1.ogg,GNU GPL v2+,Lari Nieminen(zookeeper),,,a227a72edd2b1f5c8b40f9a4e157db88
2015/07/04,data/core/sounds/dwarf-die-2.ogg,GNU GPL v2+,Lari Nieminen(zookeeper),,,6d003877c01d4d25872eb23afc2d7c3d
2015/07/04,data/core/sounds/dwarf-die-3.ogg,GNU GPL v2+,Lari Nieminen(zookeeper),,,b5b8510fe24aa54b4f38b2d76142712c
2015/07/04,data/core/sounds/dwarf-hit-1.ogg,GNU GPL v2+,Lari Nieminen(zookeeper),,,07502c639222bedd5cd1f5ca6fa1fab5
2015/07/04,data/core/sounds/dwarf-hit-2.ogg,GNU GPL v2+,Lari Nieminen(zookeeper),,,bddb1c88093aa0459dcd6cfe4c84b2c1
2015/07/04,data/core/sounds/dwarf-hit-3.ogg,GNU GPL v2+,Lari Nieminen(zookeeper),,,43cd00edb3574d1564ca670127a6487e
2015/07/04,data/core/sounds/dwarf-hit-4.ogg,GNU GPL v2+,Lari Nieminen(zookeeper),,,423e5f64b5b2e685d4d108bef51a0a3d
2007/09/28,data/core/sounds/dwarf-laugh.wav,GNU GPL v2+,Lari Nieminen(zookeeper),,,70b0635124eeae69b54511b5baf1e2d5
2008/02/14,data/core/sounds/elf-hit-1.ogg,GNU GPL v2+,Lari Nieminen(zookeeper),,,c524012df343056812f75f36b51af24b
2008/02/14,data/core/sounds/elf-hit-2.ogg,GNU GPL v2+,Lari Nieminen(zookeeper),,,fa4bea0b8e80255c8a731d0110ad5bca
2007/05/16,data/core/sounds/entangle.wav,GNU GPL v2+,Richard Kettering(Jetrel);Lari Nieminen(zookeeper),,,d2fa2714a72010c73fbeca1f17b49ff4
2007/08/28,data/core/sounds/explosion.ogg,GNU GPL v2+,Lari Nieminen(zookeeper),,,4f9fc21a8c2d17b71ea3b12e04db6377
2007/05/16,data/core/sounds/fanfare-short.wav,GNU GPL v2+,J.W. Bjerk(Eleazar),,,f8c7bfb5ef5ca43e7611834dccc40362
2007/05/16,data/core/sounds/fire.wav,GNU GPL v2+,unknown,,,8c2dcf8f97c92e90a8f0ef19b1cf02a9
2007/05/16,data/core/sounds/fist.ogg,GNU GPL v2+,Lari Nieminen(zookeeper),,,256fa4f19abf2fcb5926fb6dc1a2f3a3
2007/05/16,data/core/sounds/flail-miss.ogg,GNU GPL v2+,Lari Nieminen(zookeeper),,,0a2c4e48590718541ad4519f7b684424
2007/05/16,data/core/sounds/flail.ogg,GNU GPL v2+,Lari Nieminen(zookeeper),,,24748610e7196b039b3d1e737e903a3f
2007/05/16,data/core/sounds/flame-big-miss.ogg,GNU GPL v2+,Lari Nieminen(zookeeper),,,1a02b236619726b79bd1bfb37cccef9d
2007/05/16,data/core/sounds/flame-big.ogg,GNU GPL v2+,Lari Nieminen(zookeeper),,,755f535fc6ca348584d1527e7752cb01
2007/09/04,data/core/sounds/fuse.ogg,GNU GPL v2+,Lari Nieminen(zookeeper),,,a63c67949117d174704afdf8f5a39634
2007/05/16,data/core/sounds/ghoul-hit.wav,GNU GPL v2+,Egoboo,,,fa020c074ce071611b420f3a5c25edfd
2007/05/16,data/core/sounds/goblin-die-1.ogg,GNU GPL v2+,Lari Nieminen(zookeeper),,,c9e3171bb0657e01d6526e661ef7f63b
2007/05/16,data/core/sounds/goblin-die-2.ogg,GNU GPL v2+,Lari Nieminen(zookeeper),,,02c8640325c6765071061434ec6af448
2007/05/16,data/core/sounds/goblin-hit-1.ogg,GNU GPL v2+,Lari Nieminen(zookeeper),,,68cb31ced3dc4302890490620756da6b
2007/05/16,data/core/sounds/goblin-hit-2.ogg,GNU GPL v2+,Lari Nieminen(zookeeper),,,f44d0f6db26dc5bb49895b293807217b
2007/05/16,data/core/sounds/goblin-hit-3.ogg,GNU GPL v2+,Lari Nieminen(zookeeper),,,cc7e9358ab69253ebcbfae2686cdd56a
2007/05/16,data/core/sounds/gold.ogg,GNU GPL v2+,Lari Nieminen(zookeeper),,,79f945721d146108793ab755c49760a0
2007/05/16,data/core/sounds/groan.wav,GNU GPL v2+,unknown,,,e233ca9a5ea3c6de8f9a77be05f89195
2007/05/16,data/core/sounds/gryphon-die-1.ogg,GNU GPL v2+,Lari Nieminen(zookeeper),,,7a5f4a29a2906c2432dd91eefaacbd75
2007/05/16,data/core/sounds/gryphon-die-2.ogg,GNU GPL v2+,Lari Nieminen(zookeeper),,,c938b8d775efcc757b9ba3c21289d996
2007/05/16,data/core/sounds/gryphon-hit-1.ogg,GNU GPL v2+,Lari Nieminen(zookeeper),,,b80903cbfbb3ab084600f16459187ef2
2007/05/16,data/core/sounds/gryphon-hit-2.ogg,GNU GPL v2+,Lari Nieminen(zookeeper),,,31f5f13ea5a43090c71a083e95f9ee33
2007/05/16,data/core/sounds/gryphon-hit-3.ogg,GNU GPL v2+,Lari Nieminen(zookeeper),,,152dcf3b6b2f393d21587a6197708a38
2007/05/16,data/core/sounds/gryphon-shriek-1.ogg,GNU GPL v2+,Lari Nieminen(zookeeper),,,e2fa0cac4987d272a12e6f85d5c7872a
2007/05/16,data/core/sounds/gryphon-shriek-2.ogg,GNU GPL v2+,Lari Nieminen(zookeeper),,,c39d906b233227da5f0e7d9fdbd6462f
2007/05/16,data/core/sounds/gunshot.wav,GNU GPL v2+,unknown;Lari Nieminen(zookeeper),,,e47c22dd95fac58f48a69190cf2081c8
2007/05/16,data/core/sounds/hatchet-miss.wav,GNU GPL v2+,Lari Nieminen(zookeeper),,,bc229da218e7ca9c378e695da2c373bf
2007/05/16,data/core/sounds/hatchet.wav,GNU GPL v2+,Lari Nieminen(zookeeper),,,e36c65483c27716933ad6adf438ff05d
2007/05/16,data/core/sounds/heal.wav,GNU GPL v2+,unknown,,,be0eefe17a0c98747780c55a105bfa5d
2007/05/16,data/core/sounds/hiss-big.wav,GNU GPL v2+,J.W. Bjerk(Eleazar),,,5ea711bdab5e77fd6d1df3afdeb64227
2007/05/16,data/core/sounds/hiss-die.wav,GNU GPL v2+,J.W. Bjerk(Eleazar),,,fe89fa64ffac1bace07f3561657bc187
2007/05/16,data/core/sounds/hiss-hit.wav,GNU GPL v2+,J.W. Bjerk(Eleazar),,,a70d04bddc7b7adbabb23a464550aaa3
2007/05/16,data/core/sounds/hiss.wav,GNU GPL v2+,J.W. Bjerk(Eleazar),,,1ea331fbc77b690cf5ba19ff6b3943eb
2009/08/13,data/core/sounds/horn-signals/horn-1.ogg,GNU GPL v2+,Lari Nieminen(zookeeper),,,c8fa587f608c916d9cca24a7379b2e30
2009/08/13,data/core/sounds/horn-signals/horn-2.ogg,GNU GPL v2+,Lari Nieminen(zookeeper),,,8043dadb97801d1211ab9a724041afb6
2009/08/13,data/core/sounds/horn-signals/horn-3.ogg,GNU GPL v2+,Lari Nieminen(zookeeper),,,43b4afbec615449d3e4c27b1e05281e3
2009/08/13,data/core/sounds/horn-signals/horn-4.ogg,GNU GPL v2+,Lari Nieminen(zookeeper),,,fef7f46943cd005eaafd1eba2a52adfb
2009/08/13,data/core/sounds/horn-signals/horn-5.ogg,GNU GPL v2+,Lari Nieminen(zookeeper),,,b4dbe462c48c2d3abc7104756b8b756b
2009/08/13,data/core/sounds/horn-signals/horn-6.ogg,GNU GPL v2+,Lari Nieminen(zookeeper),,,2105302a7c89df757ce3a8ccb9e61d0c
2009/08/13,data/core/sounds/horn-signals/horn-7.ogg,GNU GPL v2+,Lari Nieminen(zookeeper),,,ddd82d40c96bcad1f509d7ada643d47a
2009/08/13,data/core/sounds/horn-signals/horn-8.ogg,GNU GPL v2+,Lari Nieminen(zookeeper),,,5f617da00115ccee1e1a10f83877943c
2007/05/16,data/core/sounds/horse-canter.wav,GNU GPL v2+,unknown,,,ce522a44a0daac900005f12da88a4731
2007/05/16,data/core/sounds/horse-die.ogg,GNU GPL v2+,Lari Nieminen(zookeeper),,,bdbd61086c80152422e10e40368c1c4e
2007/05/16,data/core/sounds/horse-elf-canter.wav,GNU GPL v2+,J.W. Bjerk(Eleazar),,,ab9a93f3037c24156ac15c10c59c9b73
2007/05/16,data/core/sounds/horse-hit-1.ogg,GNU GPL v2+,Lari Nieminen(zookeeper),,,f66e4942d241319b60c6c92c95809e9c
2007/05/16,data/core/sounds/horse-hit-2.ogg,GNU GPL v2+,Lari Nieminen(zookeeper),,,4e1647e6654e2be63d91f063fb814ae3
2007/05/16,data/core/sounds/horse-hit-3.ogg,GNU GPL v2+,Lari Nieminen(zookeeper),,,1139da8d83b80da0e54c4a48e002e42f
2007/05/16,data/core/sounds/human-die-1.ogg,GNU GPL v2+,Lari Nieminen(zookeeper),,,45837c69e62e1fee732bd5e4485acacf
2007/05/16,data/core/sounds/human-die-2.ogg,GNU GPL v2+,Lari Nieminen(zookeeper),,,d70f056b0830ad688755ad8e7d5d23fe
2007/05/16,data/core/sounds/human-die-3.ogg,GNU GPL v2+,Lari Nieminen(zookeeper),,,9be2bcc7f92962a1102764139839a7c7
2007/05/16,data/core/sounds/human-female-die-1.ogg,GNU GPL v2+,Lari Nieminen(zookeeper),,,a036e43cf7cbc71701e94c32e2772728
2007/05/16,data/core/sounds/human-female-die-2.ogg,GNU GPL v2+,Lari Nieminen(zookeeper),,,f558459b4909c732eb3f19c6dd918b29
2007/05/16,data/core/sounds/human-female-die-3.ogg,GNU GPL v2+,Lari Nieminen(zookeeper),,,09e543b8a4c4c80fb6265f479d2d286d
2007/05/16,data/core/sounds/human-female-hit-1.ogg,GNU GPL v2+,Lari Nieminen(zookeeper),,,3ea32fc11299282a355b81a0ced3f710
2007/05/16,data/core/sounds/human-female-hit-2.ogg,GNU GPL v2+,Lari Nieminen(zookeeper),,,ea68ec27f1b2a10ec6a3f6b4d6d56a6b
2007/05/16,data/core/sounds/human-female-hit-3.ogg,GNU GPL v2+,Lari Nieminen(zookeeper),,,7ba8c707312851a1389737a47bc2c558
2007/05/16,data/core/sounds/human-hit-1.ogg,GNU GPL v2+,Lari Nieminen(zookeeper),,,51a45a5c12683c39fed3d2625944de52
2007/05/16,data/core/sounds/human-hit-2.ogg,GNU GPL v2+,Lari Nieminen(zookeeper),,,3b1c3bbee218c7c9ea193c5fe7a74422
2007/05/16,data/core/sounds/human-hit-3.ogg,GNU GPL v2+,Lari Nieminen(zookeeper),,,ee1856970784cc7f3f04111bf4db2131
2007/05/16,data/core/sounds/human-hit-4.ogg,GNU GPL v2+,Lari Nieminen(zookeeper),,,d8253d9aae660a2337f6cdf0037a4195
2007/05/16,data/core/sounds/human-hit-5.ogg,GNU GPL v2+,Lari Nieminen(zookeeper),,,473a613ec8ff782d990eaa2edcb20ed3
2007/05/16,data/core/sounds/human-old-die-1.ogg,GNU GPL v2+,Lari Nieminen(zookeeper),,,686f1d48a397bc07faf9f6eca5e4f5e3
2007/05/16,data/core/sounds/human-old-die-2.ogg,GNU GPL v2+,Lari Nieminen(zookeeper),,,6cf98db2f18abf24b376cc6f18f37698
2007/05/16,data/core/sounds/human-old-die-3.ogg,GNU GPL v2+,Lari Nieminen(zookeeper),,,59ea07d73a1ebddfb8ab8ebf51564e23
2007/05/16,data/core/sounds/human-old-hit-1.ogg,GNU GPL v2+,Lari Nieminen(zookeeper),,,ca5673dc4570452fac8d4c209045c684
2007/05/16,data/core/sounds/human-old-hit-2.ogg,GNU GPL v2+,Lari Nieminen(zookeeper),,,53e4b2ab631a6a096a8d486e960465a1
2007/05/16,data/core/sounds/human-old-hit-3.ogg,GNU GPL v2+,Lari Nieminen(zookeeper),,,2f31c19715ec2f3432337c6092aad28f
2007/05/16,data/core/sounds/human-old-hit-4.ogg,GNU GPL v2+,Lari Nieminen(zookeeper),,,11f2f4be82b39f11ecba900320b3fc7d
2015/10/18,data/core/sounds/ink-miss.ogg,GNU GPL v2+,Lari Nieminen(zookeeper),,,c4b1978c6ff817be5b473381177522c8
2015/10/18,data/core/sounds/ink.ogg,GNU GPL v2+,Lari Nieminen(zookeeper),,,f787fbcda0119a97bdb5edfc2a157ae4
2013/10/20,data/core/sounds/knife.ogg,GNU GPL v2+,Lari Nieminen(zookeeper),,,3d0ec7f7b7ba4f25e02dbfe8b61e4204
2007/05/16,data/core/sounds/lich-die.ogg,GNU GPL v2+,Lari Nieminen(zookeeper),,,fb2a24e46daa0b66a6385cdd24c70a8e
2007/05/16,data/core/sounds/lich-hit-1.ogg,GNU GPL v2+,Lari Nieminen(zookeeper),,,fd556870364ff3ae629fbb6454a61d08
2007/05/16,data/core/sounds/lich-hit-2.ogg,GNU GPL v2+,Lari Nieminen(zookeeper),,,7b376ec86758247c23db0371a9d2ea0a
2007/05/16,data/core/sounds/lightning-miss.ogg,GNU GPL v2+,Lari Nieminen(zookeeper),,,29725459423ece709028cf3111ecb9b9
2007/05/16,data/core/sounds/lightning.ogg,GNU GPL v2+,Lari Nieminen(zookeeper),,,fd56c731700efc94b2cbb643e99bf4ba
2015/10/06,data/core/sounds/mace-miss.ogg,GNU GPL v2+,Leonardo Magno Sampaio(leorock116),,,6ba26e1add8d0305aef5527af05c08f7
2015/10/06,data/core/sounds/mace.ogg,GNU GPL v2+,Leonardo Magno Sampaio(leorock116),,,018cbec2efcbe2e7cae800ef866590a3
2007/05/16,data/core/sounds/mace.wav,GNU GPL v2+,Leonardo Magno Sampaio(leorock116),,,7a89fdcd4bf60bd30173e74eda9c3a5a
2007/05/16,data/core/sounds/magic-dark-big-miss.ogg,GNU GPL v2+,Lari Nieminen(zookeeper),,,9ca99d6d82c0b4fb3a88a7835f85acad
2007/05/16,data/core/sounds/magic-dark-big.ogg,GNU GPL v2+,Lari Nieminen(zookeeper),,,816da05273279d94b8786f864c855cef
2007/05/16,data/core/sounds/magic-dark-miss.ogg,GNU GPL v2+,Lari Nieminen(zookeeper),,,de724af1c7a5180222ada1c4fc9a96ba
2007/05/16,data/core/sounds/magic-dark.ogg,GNU GPL v2+,Lari Nieminen(zookeeper),,,3458e8aee3c634668b8fce4779112ee8
2007/05/16,data/core/sounds/magic-faeriefire-miss.ogg,GNU GPL v2+,Lari Nieminen(zookeeper),,,0b42724d1d7f9165a0116e6e207d381d
2007/05/16,data/core/sounds/magic-faeriefire.ogg,GNU GPL v2+,Lari Nieminen(zookeeper),,,bfbfa8a3941bcb2914843321dc34aa9b
2007/05/16,data/core/sounds/magic-holy-1.ogg,GNU GPL v2+,Richard Kettering(Jetrel),,,c94fb822bcbffa9b88b2d1906970774a
2007/05/16,data/core/sounds/magic-holy-2.ogg,GNU GPL v2+,Richard Kettering(Jetrel),,,cd329a0c0a2ec136ff63ee89291823d4
2007/05/16,data/core/sounds/magic-holy-3.ogg,GNU GPL v2+,Richard Kettering(Jetrel),,,00af7fc3ea4fcf23e5bba400976b243e
2007/05/16,data/core/sounds/magic-holy-4.ogg,GNU GPL v2+,Richard Kettering(Jetrel),,,0455774a636e27b56a8a2ad70e5033c3
2007/05/16,data/core/sounds/magic-holy-miss-1.ogg,GNU GPL v2+,Richard Kettering(Jetrel),,,1eda7a1f39803a5c64d478207ebc22ad
2007/05/16,data/core/sounds/magic-holy-miss-2.ogg,GNU GPL v2+,Richard Kettering(Jetrel);Lari Nieminen(zookeeper),,,c467ad1bf80dc9356a4d8f999742da94
2007/05/16,data/core/sounds/magic-holy-miss-3.ogg,GNU GPL v2+,Richard Kettering(Jetrel),,,97cdbd6ecd56f4ef2b3cb55c2f3235a0
2007/05/16,data/core/sounds/magic-holy-miss-4.ogg,GNU GPL v2+,Richard Kettering(Jetrel),,,41a6b2e321ac84e845e8a078ef1477cb
2007/05/16,data/core/sounds/magic-missile-1-miss.ogg,GNU GPL v2+,Lari Nieminen(zookeeper),,,64970217459c3c1aa270ad7160cb5149
2007/05/16,data/core/sounds/magic-missile-1.ogg,GNU GPL v2+,Lari Nieminen(zookeeper),,,c9a5d62552d0ce63a0a069d885d601c0
2007/05/16,data/core/sounds/magic-missile-2-miss.ogg,GNU GPL v2+,Lari Nieminen(zookeeper),,,4d00008bd7f82f028320f8c7117df34f
2007/05/16,data/core/sounds/magic-missile-2.ogg,GNU GPL v2+,Lari Nieminen(zookeeper),,,56fa7280ebb80e7154d2b2125028ad87
2007/05/16,data/core/sounds/magic-missile-3-miss.ogg,GNU GPL v2+,Lari Nieminen(zookeeper),,,e823a8453c90f41ec74a3b031f71a2a9
2007/05/16,data/core/sounds/magic-missile-3.ogg,GNU GPL v2+,Lari Nieminen(zookeeper),,,c15d42543225640875021db790e1ecd0
2007/05/16,data/core/sounds/magic-thorns-1.ogg,GNU GPL v2+,Lari Nieminen(zookeeper),,,a0aa83339d6828a242e7af0cb8ccd435
2007/05/16,data/core/sounds/magic-thorns-2.ogg,GNU GPL v2+,Lari Nieminen(zookeeper),,,ef7e759ba09aeea9cf318bff05e8d251
2007/05/16,data/core/sounds/magic-thorns-miss-1.ogg,GNU GPL v2+,Lari Nieminen(zookeeper),,,6ac98cfe6d69bed7ce792953309eed76
2007/05/16,data/core/sounds/magic-thorns-miss-2.ogg,GNU GPL v2+,Lari Nieminen(zookeeper),,,e9fe481bdf115f792390401080ce9594
2007/05/16,data/core/sounds/magicmissile.wav,GNU GPL v2+,unknown,,,e89e23ee733a5b35f871e7587b0f156e
2011/05/08,data/core/sounds/melee-fire.ogg,GNU GPL v2+,unknown,,,3fcf81db280ca9aa011db7fb615ac743
2007/05/16,data/core/sounds/mermaid-die.ogg,GNU GPL v2+,J.W. Bjerk(Eleazar),,,bd89aad339c0c023b2df222d9c159905
2007/05/16,data/core/sounds/mermaid-hit.ogg,GNU GPL v2+,J.W. Bjerk(Eleazar),,,4ebd530c5813ce0e1ad0422fb678936f
2007/05/16,data/core/sounds/mermen-die.ogg,GNU GPL v2+,J.W. Bjerk(Eleazar),,,99409a83d1bb307a56475eca45ce2103
2007/05/16,data/core/sounds/mermen-hit.wav,GNU GPL v2+,unknown,,,dcf0cd66a40bf015be1e26dbdb8ac07b
2007/05/16,data/core/sounds/miss-1.ogg,GNU GPL v2+,Lari Nieminen(zookeeper),,,78d0e324dc476a72c3808b6cc2ae9aa6
2007/05/16,data/core/sounds/miss-2.ogg,GNU GPL v2+,Lari Nieminen(zookeeper),,,e54b0ef5541d51a1fc370dc12c538e79
2007/05/16,data/core/sounds/miss-3.ogg,GNU GPL v2+,Lari Nieminen(zookeeper),,,022428a79c7e51763455b54fecfc2cc0
2016/08/17,data/core/sounds/mud-fist-miss.ogg,GNU GPL v2+,Lari Nieminen(zookeeper),,,a11fbb64daff1552c620a6fce1011fae
2016/08/17,data/core/sounds/mud-fist.ogg,GNU GPL v2+,Lari Nieminen(zookeeper),,,87cfb7d292de0b064fb1bdb6617f0489
2015/10/18,data/core/sounds/mud-glob-miss.ogg,GNU GPL v2+,Lari Nieminen(zookeeper),,,b170a8c0d7ee8e6e41c2b32c4d9685ec
2015/10/18,data/core/sounds/mud-glob.ogg,GNU GPL v2+,Lari Nieminen(zookeeper),,,94c840d7eded4294e14574141598c88c
2007/05/16,data/core/sounds/naga-die.ogg,GNU GPL v2+,Lari Nieminen(zookeeper),,,ae2a76c879476848e561dd07f4b673f9
2007/05/16,data/core/sounds/naga-hit-1.ogg,GNU GPL v2+,Lari Nieminen(zookeeper),,,4218a7fc3125424e14ecba75102b2caa
2007/05/16,data/core/sounds/naga-hit-2.ogg,GNU GPL v2+,Lari Nieminen(zookeeper),,,566f0d9c862869239131f4ff73832ebc
2007/05/16,data/core/sounds/naga-hit-3.ogg,GNU GPL v2+,Lari Nieminen(zookeeper),,,5a7b974f232b9f7cc9f2c124c2115a6d
2007/05/16,data/core/sounds/net.wav,GNU GPL v2+,unknown,,,f6595ca4b1e64e5786c2c2c7ff063d6c
2007/12/07,data/core/sounds/ogre-die-1.ogg,GNU GPL v2+,Corey Woodworth(woodwizzle),,,a72165ae16c21ecbb453f94292e68309
2007/12/07,data/core/sounds/ogre-die-2.ogg,GNU GPL v2+,Corey Woodworth(woodwizzle),,,2a22dff2bd8d59351c532d4a3fe29989
2007/12/07,data/core/sounds/ogre-die-3.ogg,GNU GPL v2+,Corey Woodworth(woodwizzle),,,125be293bc6518561ac3fb3ca2b8948e
2007/12/07,data/core/sounds/ogre-hit-1.ogg,GNU GPL v2+,Corey Woodworth(woodwizzle),,,d678687bcf13c8fd3f8fe3974eba2b2c
2007/12/07,data/core/sounds/ogre-hit-2.ogg,GNU GPL v2+,Corey Woodworth(woodwizzle),,,f14951d12b1a9c0acdcdcfc7fff0e813
2007/12/07,data/core/sounds/ogre-hit-3.ogg,GNU GPL v2+,Corey Woodworth(woodwizzle),,,6912b6ae23a5d72579d1778b2c0ce125
2007/12/07,data/core/sounds/ogre-hit-4.ogg,GNU GPL v2+,Corey Woodworth(woodwizzle),,,6fb6c95271591de51024ef259ae40777
2007/05/16,data/core/sounds/open-chest.wav,GNU GPL v2+,Egoboo,,,53f8cd6e7e925c1a8b0fac429585d884
2007/05/16,data/core/sounds/orc-die-1.ogg,GNU GPL v2+,Lari Nieminen(zookeeper),,,d1812c6fef74fa98736274ae52cd19c6
2007/05/16,data/core/sounds/orc-die-2.ogg,GNU GPL v2+,Lari Nieminen(zookeeper),,,8c8e8cf58e68a535d3dc9fed7f2e3ece
2007/05/16,data/core/sounds/orc-die-3.ogg,GNU GPL v2+,Lari Nieminen(zookeeper),,,62acfd12d3b9a794c6a85c9b7fe33e99
2007/05/16,data/core/sounds/orc-hit-1.ogg,GNU GPL v2+,Lari Nieminen(zookeeper),,,d27aa1f44627bab4432ae06b5a5c7b85
2007/05/16,data/core/sounds/orc-hit-2.ogg,GNU GPL v2+,Lari Nieminen(zookeeper),,,856adc85707367db6eaaa8a201645464
2007/05/16,data/core/sounds/orc-hit-3.ogg,GNU GPL v2+,Lari Nieminen(zookeeper),,,807cc7755e9fba0c43fe91bf8408d31c
2007/05/16,data/core/sounds/orc-hit-4.ogg,GNU GPL v2+,Lari Nieminen(zookeeper),,,35abf93545693fe97a4127fd492ed0cd
2007/05/16,data/core/sounds/orc-small-die-1.ogg,GNU GPL v2+,Lari Nieminen(zookeeper),,,7c6f0802de41cc5f3772223966b4b1af
2007/05/16,data/core/sounds/orc-small-die-2.ogg,GNU GPL v2+,Lari Nieminen(zookeeper),,,cb001e41195073f3ada044b8fd4814fb
2007/05/16,data/core/sounds/orc-small-hit-1.ogg,GNU GPL v2+,Lari Nieminen(zookeeper),,,51b64d635fa05ddc515c7d5edbaa1e54
2007/05/16,data/core/sounds/orc-small-hit-2.ogg,GNU GPL v2+,Lari Nieminen(zookeeper),,,c37b3b26d65fc7b0521e7c3c51b0617c
2007/05/16,data/core/sounds/orc-small-hit-3.ogg,GNU GPL v2+,Lari Nieminen(zookeeper),,,bba6d39306df27736354c88f2abdaa36
2007/05/16,data/core/sounds/orc-small-hit-4.ogg,GNU GPL v2+,Lari Nieminen(zookeeper),,,8b454deb6a3a3526107e22d606707c69
2009/04/12,data/core/sounds/petrified.ogg,GNU GPL v2+,Lari Nieminen(zookeeper),,,2d47bf2402222b4e241f5a0598bb7a44
2007/05/16,data/core/sounds/pincers.ogg,GNU GPL v2+,Lari Nieminen(zookeeper),,,37c4a11d630502079059096b96bb69fe
2007/05/16,data/core/sounds/poison.ogg,GNU GPL v2+,Lari Nieminen(zookeeper),,,80fd9f2f74b9a0577045372d4b8bc63b
2009/04/01,data/core/sounds/potion.ogg,GNU GPL v2+,Lari Nieminen(zookeeper),,,377d010ff32f1cc0e517bcede594530c
2007/05/16,data/core/sounds/rumble.ogg,GNU GPL v2+,Scott Klempner,,,a6d195a40d56b39cd8ba84610dffc7e2
2007/11/07,data/core/sounds/skeleton-big-die.ogg,GNU GPL v2+,(chessmaty),,,5484d6d666ece06e6f63a0519df999cb
2007/11/07,data/core/sounds/skeleton-big-hit-1.ogg,GNU GPL v2+,(chessmaty),,,96a44cc56e045414603aabca10329634
2007/11/07,data/core/sounds/skeleton-big-hit-2.ogg,GNU GPL v2+,(chessmaty),,,180ca8d686008f1323985f7072398901
2007/11/07,data/core/sounds/skeleton-big-hit-3.ogg,GNU GPL v2+,(chessmaty),,,06d3babe2356f8e20d4cf471abcf4369
2007/11/07,data/core/sounds/skeleton-die-1.ogg,GNU GPL v2+,(chessmaty),,,9ec5eccb4e150f906cdb830e15596409
2007/11/07,data/core/sounds/skeleton-die-2.ogg,GNU GPL v2+,(chessmaty),,,7260a2337a7e89f284fe2caead8d1b8c
2007/11/07,data/core/sounds/skeleton-hit-1.ogg,GNU GPL v2+,(chessmaty),,,9eabea8ceb017412695c562ae20a1712
2007/11/07,data/core/sounds/skeleton-hit-2.ogg,GNU GPL v2+,(chessmaty),,,9fe2a202c24127dd483f55eac3a7e9b6
2007/11/07,data/core/sounds/skeleton-hit-3.ogg,GNU GPL v2+,(chessmaty),,,1bdfcffda38bd7f5047a2fbce1cb3a4d
2007/05/16,data/core/sounds/sling-big-miss.ogg,GNU GPL v2+,Lari Nieminen(zookeeper),,,068a5962347b3045651b98ee9a57d197
2007/05/16,data/core/sounds/sling-big.ogg,GNU GPL v2+,Lari Nieminen(zookeeper),,,fa2bd4fdf7390beb01a964e031439191
2007/05/16,data/core/sounds/sling-miss.ogg,GNU GPL v2+,Lari Nieminen(zookeeper),,,58c5a4407e7476fcfe69606eb5b3fa2d
2007/05/16,data/core/sounds/sling.ogg,GNU GPL v2+,Lari Nieminen(zookeeper),,,230745353b1b2e577204e5e6d79396ca
2007/05/16,data/core/sounds/slowed.wav,GNU GPL v2+,Lari Nieminen(zookeeper),,,e25a57c1f42d4cf8e72fc7a45a41f3d0
2007/05/16,data/core/sounds/spear-miss.ogg,GNU GPL v2+,Lari Nieminen(zookeeper),,,39922875e0f07705674dc32c10026321
2007/05/16,data/core/sounds/spear.ogg,GNU GPL v2+,Lari Nieminen(zookeeper),,,dcc9e191b0ef6bb4ff8bad8f2e68fa34
2007/05/16,data/core/sounds/spear.wav,GNU GPL v2+,unknown,,,1e972454391b6853b442db92f9d86da6
2007/05/16,data/core/sounds/squishy-hit.wav,GNU GPL v2+,J.W. Bjerk(Eleazar);Lari Nieminen(zookeeper),,,6c21035a64ff0d598c94e6bcbeaaa2a6
2007/05/16,data/core/sounds/squishy-miss.wav,GNU GPL v2+,J.W. Bjerk(Eleazar);Lari Nieminen(zookeeper),,,fd076481179e7df0660260e4a02a0dcb
2007/05/16,data/core/sounds/squishy-strike.wav,GNU GPL v2+,J.W. Bjerk(Eleazar);Lari Nieminen(zookeeper),,,b8b7e2700c355d307a95a5f94bb216e0
2015/10/12,data/core/sounds/staff-miss.ogg,GNU GPL v2+,Leonardo Magno Sampaio(leorock116),,,233ad526cfff325b61e304412043a426
2015/10/12,data/core/sounds/staff.ogg,GNU GPL v2+,Leonardo Magno Sampaio(leorock116),,,ed0252e63f4f73509b364078f1a9309a
2007/05/16,data/core/sounds/staff.wav,GNU GPL v2+,Leonardo Magno Sampaio(leorock116),,,a64b0ac704c11104de10481db314c7a8
2007/05/16,data/core/sounds/sword-1.ogg,GNU GPL v2+,Lari Nieminen(zookeeper),,,2dd4ec5aa86fbf941c238f0b797eb0f7
2007/05/16,data/core/sounds/tail.ogg,GNU GPL v2+,Lari Nieminen(zookeeper),,,12bace1e67237a76a89af16818bb6bf7
2007/05/16,data/core/sounds/throw-1.wav,GNU GPL v2+,Lari Nieminen(zookeeper),,,875528ce2c67b6349a2528eeb3b4f8b6
2007/05/16,data/core/sounds/throw-2.wav,GNU GPL v2+,Lari Nieminen(zookeeper),,,d9e60fa3767a03d54cbbfeed6c36e3f2
2007/05/16,data/core/sounds/throw-3.wav,GNU GPL v2+,Lari Nieminen(zookeeper),,,968b3180f408262573d470f0a1a38c6c
2007/05/16,data/core/sounds/throw-4.wav,GNU GPL v2+,Lari Nieminen(zookeeper),,,a812255d3cc5debb1307b278c1deb5f3
2007/05/16,data/core/sounds/throwing-knife-miss.ogg,GNU GPL v2+,Lari Nieminen(zookeeper),,,cf09d2ecd176225ccb357d6fe527c1c7
2007/05/16,data/core/sounds/throwing-knife.ogg,GNU GPL v2+,Lari Nieminen(zookeeper),,,066e17f519de41b78c492b63b981657a
2008/08/07,data/core/sounds/thunderstick-miss.ogg,GNU GPL v2+,Richard Kettering(Jetrel),,,51e3380b8c9fa772da9c94ca06c2a729
2008/08/07,data/core/sounds/thunderstick.ogg,GNU GPL v2+,Richard Kettering(Jetrel),,,45f66e32cfe33c3d65edea86d5fe9ed8
2007/05/16,data/core/sounds/torch-miss.ogg,GNU GPL v2+,Lari Nieminen(zookeeper),,,9fa30111ff7c0f85dc678702b4bf004c
2007/05/16,data/core/sounds/torch.ogg,GNU GPL v2+,Lari Nieminen(zookeeper),,,c7495dfaee7072a45537a2c69b580b40
2007/12/07,data/core/sounds/troll-die-1.ogg,GNU GPL v2+,Lari Nieminen(zookeeper),,,a16b57ecd734305a7f17b8c91c7e8955
2007/12/07,data/core/sounds/troll-die-2.ogg,GNU GPL v2+,Lari Nieminen(zookeeper),,,7868a239918d9e6fd46f5d15ff638eaa
2007/12/07,data/core/sounds/troll-die-3.ogg,GNU GPL v2+,Lari Nieminen(zookeeper),,,2adad5fb084f8e242836207122b1448f
2007/12/07,data/core/sounds/troll-hit-1.ogg,GNU GPL v2+,Lari Nieminen(zookeeper),,,60c9b97cf5dd3a45d8e0a23fc5f097c7
2007/12/07,data/core/sounds/troll-hit-2.ogg,GNU GPL v2+,Lari Nieminen(zookeeper),,,d71532661cc019f8d8e96a0b747404f0
2007/12/07,data/core/sounds/troll-hit-3.ogg,GNU GPL v2+,Lari Nieminen(zookeeper),,,311fd49e72ae30cc4de99894281a15d3
2007/12/07,data/core/sounds/troll-hit-4.ogg,GNU GPL v2+,Lari Nieminen(zookeeper),,,e29295f067f762b169a50413facf9198
2020/09/20,data/core/sounds/tusker-charge-miss.ogg,GNU GPL v2+,Phil Barber(thespaceinvader),,,d371b56ab7b10d13058537a585214df3
2020/09/20,data/core/sounds/tusker-charge.ogg,GNU GPL v2+,Phil Barber(thespaceinvader),,,1417c516791a53f225d7ed028d4bc11d
2020/09/20,data/core/sounds/tusker-die.ogg,GNU GPL v2+,Phil Barber(thespaceinvader),,,87101b0e866b1362d1148a7dd1128c14
2020/09/20,data/core/sounds/tusker-hit.ogg,GNU GPL v2+,Phil Barber(thespaceinvader),,,aae640e4cfb75bf59f54d065fc5b6bd9
2007/05/16,data/core/sounds/ugg.wav,GNU GPL v2+,unknown,,,6341e1a157e5c2c4c1f7c9856ad1f210
2007/05/16,data/core/sounds/wail-long.wav,GNU GPL v2+,J.W. Bjerk(Eleazar),,,4ef6fc0aca1c47dabcf5e28385b60c10
2007/05/16,data/core/sounds/wail-sml.wav,GNU GPL v2+,J.W. Bjerk(Eleazar),,,309fbdc8c01c193e735c4a36a0705943
2007/05/16,data/core/sounds/wail.wav,GNU GPL v2+,J.W. Bjerk(Eleazar),,,db433bb6086318d724c1f4a2deb5ca83
2007/05/16,data/core/sounds/water-blast.wav,GNU GPL v2+,J.W. Bjerk(Eleazar);Lari Nieminen(zookeeper),,,0cfcd71f1879f7a83588a6da1f799988
2010/06/22,data/core/sounds/wolf-die-1.ogg,GNU GPL v2+,Lari Nieminen(zookeeper),,,4b8634025a4ae9b80c7b4ac67df2356f
2010/06/22,data/core/sounds/wolf-die-2.ogg,GNU GPL v2+,Lari Nieminen(zookeeper),,,5be4f362a95ea4c38e06f6514f90d692
2010/06/22,data/core/sounds/wolf-die-3.ogg,GNU GPL v2+,Lari Nieminen(zookeeper),,,85b62f3521aff5a2b2b78f21df7be2a6
2010/06/22,data/core/sounds/wolf-die-4.ogg,GNU GPL v2+,Lari Nieminen(zookeeper),,,4ae0dc24d4d15edb24a7039feee4aa35
2010/06/22,data/core/sounds/wolf-growl-1.ogg,GNU GPL v2+,Lari Nieminen(zookeeper),,,3719f1c366511b39bd2e10aff2e84d89
2010/06/22,data/core/sounds/wolf-growl-2.ogg,GNU GPL v2+,Lari Nieminen(zookeeper),,,695c69e6c5d943d2e54180bc2fecc9fb
2010/06/22,data/core/sounds/wolf-growl-3.ogg,GNU GPL v2+,Lari Nieminen(zookeeper),,,caf607c0aac3629d9ef48b527baa9704
2010/06/22,data/core/sounds/wolf-growl-4.ogg,GNU GPL v2+,Lari Nieminen(zookeeper),,,dd833d31abcbd6148197692cfaa0822a
2012/02/24,data/core/sounds/wolf-hit-1.ogg,GNU GPL v2+,Lari Nieminen(zookeeper),,,02e5cae730d0b128a8325d94db6db34f
2010/06/22,data/core/sounds/wolf-hit-2.ogg,GNU GPL v2+,Lari Nieminen(zookeeper),,,83bda1022ce599367efd5e3b9647bfad
2010/06/22,data/core/sounds/wolf-hit-3.ogg,GNU GPL v2+,Lari Nieminen(zookeeper),,,1e547ce38284b7a033c0a51abeee772b
2010/06/22,data/core/sounds/wolf-hit-4.ogg,GNU GPL v2+,Lari Nieminen(zookeeper),,,ce6b9e252a8251bc2bc35849495f818b
2007/05/16,data/core/sounds/wose-attack.ogg,GNU GPL v2+,Lari Nieminen(zookeeper),,,1ba75bfc4800392db54115eae88a43f4
2007/05/16,data/core/sounds/wose-die.ogg,GNU GPL v2+,Lari Nieminen(zookeeper),,,67726e9984e5c4c516e8ea4e8e1a4a20
2007/05/16,data/core/sounds/wose-hit.ogg,GNU GPL v2+,Lari Nieminen(zookeeper),,,f309eb77e3575ebe71c6dcf4573b7a20
2007/05/16,data/core/sounds/wose-miss.ogg,GNU GPL v2+,Lari Nieminen(zookeeper),,,7110d93b13c7311c7b5f1cdd679d5d8b
2007/05/16,data/core/sounds/yeti-die.ogg,GNU GPL v2+,Lari Nieminen(zookeeper),,,447947c545cd95700fbd38b9ddc05b61
2007/05/16,data/core/sounds/yeti-hit.ogg,GNU GPL v2+,Lari Nieminen(zookeeper),,,70c4744c71275f649784d952125d329f
2007/05/16,data/core/sounds/zombie-attack.wav,GNU GPL v2+,Egoboo,,,9d0c0c0a2da421cfc493bc31bedb0b18
2007/05/16,data/core/sounds/zombie-hit-1.ogg,GNU GPL v2+,Lari Nieminen(zookeeper),,,1cc88ade69b167fc8e40482e75012f9a
2007/05/16,data/core/sounds/zombie-hit-2.ogg,GNU GPL v2+,Lari Nieminen(zookeeper),,,0d558045f328704261f04aea7cc81113
2007/05/16,data/core/sounds/zombie-hit-3.ogg,GNU GPL v2+,Lari Nieminen(zookeeper),,,15629d6b647ed2c705e2b60ce2806093
2007/05/16,data/core/sounds/zombie-hit-4.ogg,GNU GPL v2+,Lari Nieminen(zookeeper),,,18325a354006ff75a51d8a194ab4cc6b
2007/05/16,data/core/sounds/zombie-hit-5.ogg,GNU GPL v2+,Lari Nieminen(zookeeper),,,5342ea54cf24b3bfec6b694ae864587e
2007/05/16,data/core/sounds/zombie-hit-6.ogg,GNU GPL v2+,Lari Nieminen(zookeeper),,,9073318991b1a956c33e65290bfdf78c
2025/01/10,data/internal/Weather/sounds/weather-rain.ogg,GNU GPL v2+,(inferno8);(dalas),,,fc7090377ce25be51526afc235557735
2025/01/10,data/internal/Weather/sounds/weather-snow.ogg,CC0,(kyles),,,5b4d185ae84eaf3a7bb20c83f441327c
2007/05/16,sounds/arrive.wav,GNU GPL v2+,unknown;Lari Nieminen(zookeeper),,,c7c0a7f2b0ab2e501602fa8ed629b691
2018/03/04,sounds/bell.wav,CC BY-SA 4.0,Argentum Age,,,16e38871229e0ee808d427ab2389252a
2018/03/04,sounds/button.wav,CC BY-SA 4.0,Argentum Age,,,65a417effb06381a81e85883821becc9
2007/12/20,sounds/chat-1.ogg,GNU GPL v2+,Lari Nieminen(zookeeper),,,e9039918972cf56d6fc91f5ca2db1800
2007/12/20,sounds/chat-2.ogg,GNU GPL v2+,Lari Nieminen(zookeeper),,,9b34e17313f051b82bccc009c23b1260
2007/12/20,sounds/chat-3.ogg,GNU GPL v2+,Lari Nieminen(zookeeper),,,da206db9ea2fdcdda2866e71d5f0906f
2008/01/24,sounds/chat-friend.ogg,GNU GPL v2+,Lari Nieminen(zookeeper),,,94da52a3141ebdd8181ece32e209cfe9
2007/12/20,sounds/chat-highlight.ogg,GNU GPL v2+,Lari Nieminen(zookeeper),,,e1d8fe6d1df35d314c84b3df4c6f5887
2007/05/16,sounds/checkbox.wav,GNU GPL v2+,Lari Nieminen(zookeeper),,,e4a732a1f57381f77a49e89f1da6084e
2018/03/04,sounds/contract.wav,CC BY-SA 4.0,Argentum Age,,,043fc6a7faef9e9ce00f50eab892588e
2018/03/04,sounds/expand.wav,CC BY-SA 4.0,Argentum Age,,,043fc6a7faef9e9ce00f50eab892588e
2014/11/14,sounds/gamestart.ogg,GNU GPL v2+,Lari Nieminen(zookeeper),,,a5d94be33103cae42f702266960fc0cf
2008/02/07,sounds/join.wav,GNU GPL v2+,Lari Nieminen(zookeeper),,,52e5eff00449236b57bc1f378806483d
2007/05/16,sounds/leave.wav,GNU GPL v2+,unknown;Lari Nieminen(zookeeper),,,ecd0cfbc5ce9d683f6dde47fbf719ccf
2007/05/16,sounds/receive.wav,GNU GPL v2+,unknown;Lari Nieminen(zookeeper),,,5b6a417b229f622ed1c68f963a935fd9
2007/11/05,sounds/select-unit.wav,GNU GPL v2+,Ali El Gariani(alink);Lari Nieminen(zookeeper),,,ec03654053533e8e21bd3321dbfa2f88
2018/03/04,sounds/select.wav,CC BY-SA 4.0,Argentum Age,,,65a417effb06381a81e85883821becc9
2007/05/16,sounds/slider.wav,GNU GPL v2+,Lari Nieminen(zookeeper),,,aa9634abcaa2314b2a39a9586a47f024
2007/07/23,sounds/timer.wav,GNU GPL v2+,Lari Nieminen(zookeeper),,,950eadc24c54fb12427ffe0a4c124cc5
